id,first_name,last_name,email,gender,age,car,job,favourite_film
1,Aldon,Paunsford,apaunsford0@howstuffworks.com,Male,40,Fiat,Mechanical Systems Engineer,Romance
2,Leigh,Farrer,lfarrer1@google.it,Male,65,Opel,Desktop Support Technician,Thriller
3,Hans,Treven,htreven2@ibm.com,Male,65,Renault,Recruiting Manager,Thriller
4,Sebastiano,Harrhy,sharrhy3@google.co.uk,Male,37,Dacia,Quality Engineer,Thriller
5,Denney,Dannohl,ddannohl4@blog.com,Male,46,Opel,Database Administrator II,Comedy
6,Prissie,Swyer-Sexey,pswyersexey5@ask.com,Female,24,Opel,VP Product Management,Thriller
7,Rorke,Stable,rstable6@statcounter.com,Male,63,Renault,Occupational Therapist,Drama
8,Piggy,Penwarden,ppenwarden7@freewebs.com,Male,24,Renault,Environmental Tech,Thriller
9,Brana,Mollen,bmollen8@fotki.com,Female,45,Opel,Biostatistician I,Action
10,Dorena,Pabelik,dpabelik9@posterous.com,Female,24,Renault,Product Engineer,Comedy
11,Fanya,Curme,fcurmea@state.tx.us,Female,44,Fiat,Programmer Analyst III,Thriller
12,Cleon,Hinken,chinkenb@newsvine.com,Male,41,Renault,Senior Cost Accountant,Thriller
13,Auberon,Cesconi,acesconic@ucoz.ru,Male,39,Fiat,Nurse Practicioner,Action
14,Bonita,Jakobsson,bjakobssond@free.fr,Female,28,Renault,Account Executive,Thriller
15,Garrek,Tabary,gtabarye@ftc.gov,Male,72,Renault,Biostatistician I,Thriller
16,Con,McMorland,cmcmorlandf@mayoclinic.com,Female,65,Opel,Assistant Media Planner,Comedy
17,Skippy,Brugman,sbrugmang@salon.com,Male,63,Mazda,Business Systems Development Analyst,Thriller
18,Ursola,Lidden,uliddenh@bigcartel.com,Female,74,Opel,Clinical Specialist,Comedy
19,Bibby,Waymont,bwaymonti@google.co.jp,Female,47,Renault,Accountant IV,Comedy
20,Kayne,Mace,kmacej@vimeo.com,Male,58,Renault,Software Test Engineer II,Thriller
